"StateFIPS","State","CountyFIPS","County","Year","Value","Data Comment",
"04","Arizona","04001","Apache","2018","24.9","",
"04","Arizona","04003","Cochise","2018","45.7","",
"04","Arizona","04005","Coconino","2018","22.7","",
"04","Arizona","04007","Gila","2018","43.3","",
"04","Arizona","04009","Graham","2018","43.1","",
"04","Arizona","04011","Greenlee","2018","21.2","",
"04","Arizona","04012","La Paz","2018","35.2","",
"04","Arizona","04013","Maricopa","2018","38.5","",
"04","Arizona","04015","Mohave","2018","33.4","",
"04","Arizona","04017","Navajo","2018","23.2","",
"04","Arizona","04019","Pima","2018","29.7","",
"04","Arizona","04021","Pinal","2018","30.8","",
"04","Arizona","04023","Santa Cruz","2018","39.8","",
"04","Arizona","04025","Yavapai","2018","26.1","",
"04","Arizona","04027","Yuma","2018","25.5","",
"06","California","06001","Alameda","2018","46.6","",
"06","California","06003","Alpine","2018","Suppressed","Unstable",
"06","California","06005","Amador","2018","34.8","",
"06","California","06007","Butte","2018","39.3","",
"06","California","06009","Calaveras","2018","40.9","",
"06","California","06011","Colusa","2018","55.2","",
"06","California","06013","Contra Costa","2018","52.0","",
"06","California","06015","Del Norte","2018","47.5","",
"06","California","06017","El Dorado","2018","29.5","",
"06","California","06019","Fresno","2018","69.8","",
"06","California","06021","Glenn","2018","35.8","",
"06","California","06023","Humboldt","2018","50.4","",
"06","California","06025","Imperial","2018","63.4","",
"06","California","06027","Inyo","2018","45.3","",
"06","California","06029","Kern","2018","48.0","",
"06","California","06031","Kings","2018","55.2","",
"06","California","06033","Lake","2018","78.3","",
"06","California","06035","Lassen","2018","36.2","",
"06","California","06037","Los Angeles","2018","46.3","",
"06","California","06039","Madera","2018","51.9","",
"06","California","06041","Marin","2018","22.5","",
"06","California","06043","Mariposa","2018","39.2","",
"06","California","06045","Mendocino","2018","57.5","",
"06","California","06047","Merced","2018","62.2","",
"06","California","06049","Modoc","2018","94.1","",
"06","California","06051","Mono","2018","43.1","",
"06","California","06053","Monterey","2018","37.3","",
"06","California","06055","Napa","2018","36.9","",
"06","California","06057","Nevada","2018","22.0","",
"06","California","06059","Orange","2018","25.7","",
"06","California","06061","Placer","2018","29.3","",
"06","California","06063","Plumas","2018","49.4","",
"06","California","06065","Riverside","2018","36.5","",
"06","California","06067","Sacramento","2018","62.6","",
"06","California","06069","San Benito","2018","51.8","",
"06","California","06071","San Bernardino","2018","47.7","",
"06","California","06073","San Diego","2018","28.3","",
"06","California","06075","San Francisco","2018","32.4","",
"06","California","06077","San Joaquin","2018","60.0","",
"06","California","06079","San Luis Obispo","2018","24.4","",
"06","California","06081","San Mateo","2018","26.7","",
"06","California","06083","Santa Barbara","2018","27.1","",
"06","California","06085","Santa Clara","2018","26.3","",
"06","California","06087","Santa Cruz","2018","26.3","",
"06","California","06089","Shasta","2018","33.5","",
"06","California","06091","Sierra","2018","40.5","",
"06","California","06093","Siskiyou","2018","31.6","",
"06","California","06095","Solano","2018","75.0","",
"06","California","06097","Sonoma","2018","35.5","",
"06","California","06099","Stanislaus","2018","52.9","",
"06","California","06101","Sutter","2018","30.1","",
"06","California","06103","Tehama","2018","44.9","",
"06","California","06105","Trinity","2018","45.2","",
"06","California","06107","Tulare","2018","34.4","",
"06","California","06109","Tuolumne","2018","40.6","",
"06","California","06111","Ventura","2018","29.1","",
"06","California","06113","Yolo","2018","36.5","",
"06","California","06115","Yuba","2018","43.0","",
"08","Colorado","08001","Adams","2018","46.9","",
"08","Colorado","08003","Alamosa","2018","45.0","",
"08","Colorado","08005","Arapahoe","2018","37.1","",
"08","Colorado","08007","Archuleta","2018","19.8","",
"08","Colorado","08009","Baca","2018","19.5","Unstable",
"08","Colorado","08011","Bent","2018","22.4","",
"08","Colorado","08013","Boulder","2018","18.9","",
"08","Colorado","08014","Broomfield","2018","17.1","",
"08","Colorado","08015","Chaffee","2018","18.9","",
"08","Colorado","08017","Cheyenne","2018","Suppressed","Unstable",
"08","Colorado","08019","Clear Creek","2018","10.5","Unstable",
"08","Colorado","08021","Conejos","2018","34.3","",
"08","Colorado","08023","Costilla","2018","23.7","Unstable",
"08","Colorado","08025","Crowley","2018","23.8","",
"08","Colorado","08027","Custer","2018","14.1","Unstable",
"08","Colorado","08029","Delta","2018","24.6","",
"08","Colorado","08031","Denver","2018","39.4","",
"08","Colorado","08033","Dolores","2018","Suppressed","Unstable",
"08","Colorado","08035","Douglas","2018","16.1","",
"08","Colorado","08037","Eagle","2018","6.2","",
"08","Colorado","08041","El Paso","2018","32.5","",
"08","Colorado","08039","Elbert","2018","10.3","",
"08","Colorado","08043","Fremont","2018","18.5","",
"08","Colorado","08045","Garfield","2018","26.0","",
"08","Colorado","08047","Gilpin","2018","11.4","Unstable",
"08","Colorado","08049","Grand","2018","15.4","",
"08","Colorado","08051","Gunnison","2018","18.6","",
"08","Colorado","08053","Hinsdale","2018","Suppressed","Unstable",
"08","Colorado","08055","Huerfano","2018","36.4","",
"08","Colorado","08057","Jackson","2018","0.0","Unstable",
"08","Colorado","08059","Jefferson","2018","24.0","",
"08","Colorado","08061","Kiowa","2018","Suppressed","Unstable",
"08","Colorado","08063","Kit Carson","2018","27.9","",
"08","Colorado","08067","La Plata","2018","17.7","",
"08","Colorado","08065","Lake","2018","14.1","Unstable",
"08","Colorado","08069","Larimer","2018","24.0","",
"08","Colorado","08071","Las Animas","2018","51.9","",
"08","Colorado","08073","Lincoln","2018","28.6","",
"08","Colorado","08075","Logan","2018","38.6","",
"08","Colorado","08077","Mesa","2018","25.3","",
"08","Colorado","08079","Mineral","2018","0.0","Unstable",
"08","Colorado","08081","Moffat","2018","22.1","",
"08","Colorado","08083","Montezuma","2018","27.4","",
"08","Colorado","08085","Montrose","2018","23.6","",
"08","Colorado","08087","Morgan","2018","47.6","",
"08","Colorado","08089","Otero","2018","57.2","",
"08","Colorado","08091","Ouray","2018","Suppressed","Unstable",
"08","Colorado","08093","Park","2018","13.5","",
"08","Colorado","08095","Phillips","2018","Suppressed","Unstable",
"08","Colorado","08097","Pitkin","2018","8.9","",
"08","Colorado","08099","Prowers","2018","44.0","",
"08","Colorado","08101","Pueblo","2018","55.6","",
"08","Colorado","08103","Rio Blanco","2018","28.4","",
"08","Colorado","08105","Rio Grande","2018","31.0","",
"08","Colorado","08107","Routt","2018","8.6","",
"08","Colorado","08109","Saguache","2018","38.0","",
"08","Colorado","08111","San Juan","2018","Suppressed","Unstable",
"08","Colorado","08113","San Miguel","2018","Suppressed","Unstable",
"08","Colorado","08115","Sedgwick","2018","56.9","",
"08","Colorado","08117","Summit","2018","8.1","",
"08","Colorado","08119","Teller","2018","26.2","",
"08","Colorado","08121","Washington","2018","26.7","",
"08","Colorado","08123","Weld","2018","30.4","",
"08","Colorado","08125","Yuma","2018","38.1","",
"09","Connecticut","09001","Fairfield","2018","38.1","",
"09","Connecticut","09003","Hartford","2018","65.6","",
"09","Connecticut","09005","Litchfield","2018","25.4","",
"09","Connecticut","09007","Middlesex","2018","27.7","",
"09","Connecticut","09009","New Haven","2018","65.6","",
"09","Connecticut","09011","New London","2018","56.0","",
"09","Connecticut","09013","Tolland","2018","23.3","",
"09","Connecticut","09015","Windham","2018","60.8","",
"12","Florida","12001","Alachua","2018","56.5","",
"12","Florida","12003","Baker","2018","35.9","",
"12","Florida","12005","Bay","2018","49.7","",
"12","Florida","12007","Bradford","2018","70.2","",
"12","Florida","12009","Brevard","2018","37.5","",
"12","Florida","12011","Broward","2018","61.0","",
"12","Florida","12013","Calhoun","2018","26.7","",
"12","Florida","12015","Charlotte","2018","29.4","",
"12","Florida","12017","Citrus","2018","27.1","",
"12","Florida","12019","Clay","2018","54.4","",
"12","Florida","12021","Collier","2018","28.9","",
"12","Florida","12023","Columbia","2018","83.6","",
"12","Florida","12027","DeSoto","2018","48.8","",
"12","Florida","12029","Dixie","2018","25.8","",
"12","Florida","12031","Duval","2018","85.3","",
"12","Florida","12033","Escambia","2018","65.6","",
"12","Florida","12035","Flagler","2018","36.5","",
"12","Florida","12037","Franklin","2018","56.4","",
"12","Florida","12039","Gadsden","2018","116.7","",
"12","Florida","12041","Gilchrist","2018","25.2","",
"12","Florida","12043","Glades","2018","20.3","",
"12","Florida","12045","Gulf","2018","51.4","",
"12","Florida","12047","Hamilton","2018","60.9","",
"12","Florida","12049","Hardee","2018","48.0","",
"12","Florida","12051","Hendry","2018","65.4","",
"12","Florida","12053","Hernando","2018","37.1","",
"12","Florida","12055","Highlands","2018","56.1","",
"12","Florida","12057","Hillsborough","2018","59.5","",
"12","Florida","12059","Holmes","2018","39.0","",
"12","Florida","12061","Indian River","2018","40.2","",
"12","Florida","12063","Jackson","2018","61.3","",
"12","Florida","12065","Jefferson","2018","54.3","",
"12","Florida","12067","Lafayette","2018","19.7","",
"12","Florida","12069","Lake","2018","38.8","",
"12","Florida","12071","Lee","2018","36.1","",
"12","Florida","12073","Leon","2018","63.7","",
"12","Florida","12075","Levy","2018","41.9","",
"12","Florida","12077","Liberty","2018","40.4","",
"12","Florida","12079","Madison","2018","86.5","",
"12","Florida","12081","Manatee","2018","39.0","",
"12","Florida","12083","Marion","2018","63.4","",
"12","Florida","12085","Martin","2018","27.7","",
"12","Florida","12086","Miami-Dade","2018","53.1","",
"12","Florida","12087","Monroe","2018","26.9","",
"12","Florida","12089","Nassau","2018","35.6","",
"12","Florida","12091","Okaloosa","2018","51.6","",
"12","Florida","12093","Okeechobee","2018","65.4","",
"12","Florida","12095","Orange","2018","67.6","",
"12","Florida","12097","Osceola","2018","95.2","",
"12","Florida","12099","Palm Beach","2018","43.3","",
"12","Florida","12101","Pasco","2018","40.1","",
"12","Florida","12103","Pinellas","2018","46.0","",
"12","Florida","12105","Polk","2018","84.1","",
"12","Florida","12107","Putnam","2018","76.2","",
"12","Florida","12113","Santa Rosa","2018","31.4","",
"12","Florida","12115","Sarasota","2018","25.1","",
"12","Florida","12117","Seminole","2018","44.3","",
"12","Florida","12109","St. Johns","2018","20.9","",
"12","Florida","12111","St. Lucie","2018","56.7","",
"12","Florida","12119","Sumter","2018","16.3","",
"12","Florida","12121","Suwannee","2018","51.6","",
"12","Florida","12123","Taylor","2018","49.7","",
"12","Florida","12125","Union","2018","61.4","",
"12","Florida","12127","Volusia","2018","60.6","",
"12","Florida","12129","Wakulla","2018","35.5","",
"12","Florida","12131","Walton","2018","31.2","",
"12","Florida","12133","Washington","2018","34.2","",
"19","Iowa","19001","Adair","2018","25.6","",
"19","Iowa","19003","Adams","2018","35.8","",
"19","Iowa","19005","Allamakee","2018","23.9","",
"19","Iowa","19007","Appanoose","2018","27.3","",
"19","Iowa","19009","Audubon","2018","32.8","",
"19","Iowa","19011","Benton","2018","16.4","",
"19","Iowa","19013","Black Hawk","2018","34.2","",
"19","Iowa","19015","Boone","2018","24.7","",
"19","Iowa","19017","Bremer","2018","16.4","",
"19","Iowa","19019","Buchanan","2018","22.2","",
"19","Iowa","19021","Buena Vista","2018","34.3","",
"19","Iowa","19023","Butler","2018","10.3","",
"19","Iowa","19025","Calhoun","2018","15.5","",
"19","Iowa","19027","Carroll","2018","26.4","",
"19","Iowa","19029","Cass","2018","26.2","",
"19","Iowa","19031","Cedar","2018","15.7","",
"19","Iowa","19033","Cerro Gordo","2018","36.3","",
"19","Iowa","19035","Cherokee","2018","23.9","",
"19","Iowa","19037","Chickasaw","2018","14.2","",
"19","Iowa","19039","Clarke","2018","56.9","",
"19","Iowa","19041","Clay","2018","37.7","",
"19","Iowa","19043","Clayton","2018","9.1","",
"19","Iowa","19045","Clinton","2018","41.7","",
"19","Iowa","19047","Crawford","2018","31.0","",
"19","Iowa","19049","Dallas","2018","12.0","",
"19","Iowa","19051","Davis","2018","12.3","Unstable",
"19","Iowa","19053","Decatur","2018","32.9","",
"19","Iowa","19055","Delaware","2018","23.4","",
"19","Iowa","19057","Des Moines","2018","60.4","",
"19","Iowa","19059","Dickinson","2018","22.7","",
"19","Iowa","19061","Dubuque","2018","48.9","",
"19","Iowa","19063","Emmet","2018","31.3","",
"19","Iowa","19065","Fayette","2018","22.9","",
"19","Iowa","19067","Floyd","2018","36.7","",
"19","Iowa","19069","Franklin","2018","34.7","",
"19","Iowa","19071","Fremont","2018","17.3","",
"19","Iowa","19073","Greene","2018","45.7","",
"19","Iowa","19075","Grundy","2018","34.2","",
"19","Iowa","19077","Guthrie","2018","36.4","",
"19","Iowa","19079","Hamilton","2018","30.9","",
"19","Iowa","19081","Hancock","2018","46.6","",
"19","Iowa","19083","Hardin","2018","34.2","",
"19","Iowa","19085","Harrison","2018","27.0","",
"19","Iowa","19087","Henry","2018","29.0","",
"19","Iowa","19089","Howard","2018","37.0","",
"19","Iowa","19091","Humboldt","2018","27.3","",
"19","Iowa","19093","Ida","2018","24.9","",
"19","Iowa","19095","Iowa","2018","12.4","",
"19","Iowa","19097","Jackson","2018","32.5","",
"19","Iowa","19099","Jasper","2018","34.5","",
"19","Iowa","19101","Jefferson","2018","35.4","",
"19","Iowa","19103","Johnson","2018","23.7","",
"19","Iowa","19105","Jones","2018","31.0","",
"19","Iowa","19107","Keokuk","2018","21.5","",
"19","Iowa","19109","Kossuth","2018","21.6","",
"19","Iowa","19111","Lee","2018","37.7","",
"19","Iowa","19113","Linn","2018","34.7","",
"19","Iowa","19115","Louisa","2018","18.0","",
"19","Iowa","19117","Lucas","2018","48.9","",
"19","Iowa","19119","Lyon","2018","6.8","Unstable",
"19","Iowa","19121","Madison","2018","19.8","",
"19","Iowa","19123","Mahaska","2018","23.9","",
"19","Iowa","19125","Marion","2018","29.2","",
"19","Iowa","19127","Marshall","2018","27.8","",
"19","Iowa","19129","Mills","2018","7.9","",
"19","Iowa","19131","Mitchell","2018","12.3","",
"19","Iowa","19133","Monona","2018","10.4","Unstable",
"19","Iowa","19135","Monroe","2018","40.1","",
"19","Iowa","19137","Montgomery","2018","32.1","",
"19","Iowa","19139","Muscatine","2018","35.8","",
"19","Iowa","19141","O'Brien","2018","30.4","",
"19","Iowa","19143","Osceola","2018","Suppressed","Unstable",
"19","Iowa","19145","Page","2018","25.0","",
"19","Iowa","19147","Palo Alto","2018","11.2","Unstable",
"19","Iowa","19149","Plymouth","2018","12.0","",
"19","Iowa","19151","Pocahontas","2018","32.8","",
"19","Iowa","19153","Polk","2018","34.0","",
"19","Iowa","19155","Pottawattamie","2018","16.3","",
"19","Iowa","19157","Poweshiek","2018","32.0","",
"19","Iowa","19159","Ringgold","2018","22.4","Unstable",
"19","Iowa","19161","Sac","2018","24.8","",
"19","Iowa","19163","Scott","2018","53.3","",
"19","Iowa","19165","Shelby","2018","32.9","",
"19","Iowa","19167","Sioux","2018","10.1","",
"19","Iowa","19169","Story","2018","12.2","",
"19","Iowa","19171","Tama","2018","24.3","",
"19","Iowa","19173","Taylor","2018","17.8","Unstable",
"19","Iowa","19175","Union","2018","26.0","",
"19","Iowa","19177","Van Buren","2018","34.2","",
"19","Iowa","19179","Wapello","2018","35.9","",
"19","Iowa","19181","Warren","2018","15.1","",
"19","Iowa","19183","Washington","2018","18.1","",
"19","Iowa","19185","Wayne","2018","34.5","",
"19","Iowa","19187","Webster","2018","38.0","",
"19","Iowa","19189","Winnebago","2018","21.8","",
"19","Iowa","19191","Winneshiek","2018","25.0","",
"19","Iowa","19193","Woodbury","2018","32.1","",
"19","Iowa","19195","Worth","2018","18.9","",
"19","Iowa","19197","Wright","2018","31.6","",
"20","Kansas","20001","Allen","2018","20.8","",
"20","Kansas","20003","Anderson","2018","22.9","",
"20","Kansas","20005","Atchison","2018","38.3","",
"20","Kansas","20007","Barber","2018","20.2","Unstable",
"20","Kansas","20009","Barton","2018","22.2","",
"20","Kansas","20011","Bourbon","2018","22.0","",
"20","Kansas","20013","Brown","2018","11.5","Unstable",
"20","Kansas","20015","Butler","2018","21.2","",
"20","Kansas","20017","Chase","2018","31.2","Unstable",
"20","Kansas","20019","Chautauqua","2018","27.4","Unstable",
"20","Kansas","20021","Cherokee","2018","12.0","",
"20","Kansas","20023","Cheyenne","2018","Suppressed","Unstable",
"20","Kansas","20025","Clark","2018","40.1","Unstable",
"20","Kansas","20027","Clay","2018","36.2","",
"20","Kansas","20029","Cloud","2018","19.5","",
"20","Kansas","20031","Coffey","2018","29.2","",
"20","Kansas","20033","Comanche","2018","0.0","Unstable",
"20","Kansas","20035","Cowley","2018","26.5","",
"20","Kansas","20037","Crawford","2018","21.6","",
"20","Kansas","20039","Decatur","2018","Suppressed","Unstable",
"20","Kansas","20041","Dickinson","2018","26.9","",
"20","Kansas","20043","Doniphan","2018","Suppressed","Unstable",
"20","Kansas","20045","Douglas","2018","24.6","",
"20","Kansas","20047","Edwards","2018","Suppressed","Unstable",
"20","Kansas","20049","Elk","2018","Suppressed","Unstable",
"20","Kansas","20051","Ellis","2018","20.6","",
"20","Kansas","20053","Ellsworth","2018","21.1","",
"20","Kansas","20055","Finney","2018","38.9","",
"20","Kansas","20057","Ford","2018","31.2","",
"20","Kansas","20059","Franklin","2018","14.4","",
"20","Kansas","20061","Geary","2018","29.4","",
"20","Kansas","20063","Gove","2018","0.0","Unstable",
"20","Kansas","20065","Graham","2018","Suppressed","Unstable",
"20","Kansas","20067","Grant","2018","23.4","",
"20","Kansas","20069","Gray","2018","26.3","",
"20","Kansas","20071","Greeley","2018","Suppressed","Unstable",
"20","Kansas","20073","Greenwood","2018","23.3","",
"20","Kansas","20075","Hamilton","2018","Suppressed","Unstable",
"20","Kansas","20077","Harper","2018","25.5","",
"20","Kansas","20079","Harvey","2018","29.2","",
"20","Kansas","20081","Haskell","2018","22.5","Unstable",
"20","Kansas","20083","Hodgeman","2018","61.1","Unstable",
"20","Kansas","20085","Jackson","2018","20.3","",
"20","Kansas","20087","Jefferson","2018","16.9","",
"20","Kansas","20089","Jewell","2018","Suppressed","Unstable",
"20","Kansas","20091","Johnson","2018","25.8","",
"20","Kansas","20093","Kearny","2018","25.5","Unstable",
"20","Kansas","20095","Kingman","2018","33.6","",
"20","Kansas","20097","Kiowa","2018","Suppressed","Unstable",
"20","Kansas","20099","Labette","2018","22.6","",
"20","Kansas","20101","Lane","2018","Suppressed","Unstable",
"20","Kansas","20103","Leavenworth","2018","38.8","",
"20","Kansas","20105","Lincoln","2018","23.4","Unstable",
"20","Kansas","20107","Linn","2018","19.4","",
"20","Kansas","20109","Logan","2018","0.0","Unstable",
"20","Kansas","20111","Lyon","2018","41.7","",
"20","Kansas","20115","Marion","2018","14.3","",
"20","Kansas","20117","Marshall","2018","9.3","Unstable",
"20","Kansas","20113","McPherson","2018","13.7","",
"20","Kansas","20119","Meade","2018","Suppressed","Unstable",
"20","Kansas","20121","Miami","2018","18.7","",
"20","Kansas","20123","Mitchell","2018","31.2","",
"20","Kansas","20125","Montgomery","2018","23.7","",
"20","Kansas","20127","Morris","2018","25.2","",
"20","Kansas","20129","Morton","2018","0.0","Unstable",
"20","Kansas","20131","Nemaha","2018","17.8","",
"20","Kansas","20133","Neosho","2018","33.2","",
"20","Kansas","20135","Ness","2018","35.6","Unstable",
"20","Kansas","20137","Norton","2018","27.6","",
"20","Kansas","20139","Osage","2018","15.1","",
"20","Kansas","20141","Osborne","2018","20.3","Unstable",
"20","Kansas","20143","Ottawa","2018","Suppressed","Unstable",
"20","Kansas","20145","Pawnee","2018","58.0","",
"20","Kansas","20147","Phillips","2018","28.4","",
"20","Kansas","20149","Pottawatomie","2018","14.0","",
"20","Kansas","20151","Pratt","2018","Suppressed","Unstable",
"20","Kansas","20153","Rawlins","2018","Suppressed","Unstable",
"20","Kansas","20155","Reno","2018","17.5","",
"20","Kansas","20157","Republic","2018","19.5","Unstable",
"20","Kansas","20159","Rice","2018","11.6","Unstable",
"20","Kansas","20161","Riley","2018","1.3","Unstable",
"20","Kansas","20163","Rooks","2018","14.0","Unstable",
"20","Kansas","20165","Rush","2018","26.3","Unstable",
"20","Kansas","20167","Russell","2018","13.1","Unstable",
"20","Kansas","20169","Saline","2018","44.2","",
"20","Kansas","20171","Scott","2018","28.5","",
"20","Kansas","20173","Sedgwick","2018","68.0","",
"20","Kansas","20175","Seward","2018","22.8","",
"20","Kansas","20177","Shawnee","2018","40.1","",
"20","Kansas","20179","Sheridan","2018","Suppressed","Unstable",
"20","Kansas","20181","Sherman","2018","86.2","",
"20","Kansas","20183","Smith","2018","22.3","Unstable",
"20","Kansas","20185","Stafford","2018","Suppressed","Unstable",
"20","Kansas","20187","Stanton","2018","Suppressed","Unstable",
"20","Kansas","20189","Stevens","2018","27.3","",
"20","Kansas","20191","Sumner","2018","20.0","",
"20","Kansas","20193","Thomas","2018","Suppressed","Unstable",
"20","Kansas","20195","Trego","2018","28.8","Unstable",
"20","Kansas","20197","Wabaunsee","2018","23.2","",
"20","Kansas","20199","Wallace","2018","40.4","Unstable",
"20","Kansas","20201","Washington","2018","Suppressed","Unstable",
"20","Kansas","20203","Wichita","2018","Suppressed","Unstable",
"20","Kansas","20205","Wilson","2018","8.1","Unstable",
"20","Kansas","20207","Woodson","2018","Suppressed","Unstable",
"20","Kansas","20209","Wyandotte","2018","56.9","",
"21","Kentucky","21001","Adair","2018","20.8","",
"21","Kentucky","21003","Allen","2018","31.3","",
"21","Kentucky","21005","Anderson","2018","20.3","",
"21","Kentucky","21007","Ballard","2018","16.4","",
"21","Kentucky","21009","Barren","2018","24.7","",
"21","Kentucky","21011","Bath","2018","25.7","",
"21","Kentucky","21013","Bell","2018","32.8","",
"21","Kentucky","21015","Boone","2018","20.9","",
"21","Kentucky","21017","Bourbon","2018","37.3","",
"21","Kentucky","21019","Boyd","2018","28.1","",
"21","Kentucky","21021","Boyle","2018","37.2","",
"21","Kentucky","21023","Bracken","2018","21.8","",
"21","Kentucky","21025","Breathitt","2018","18.0","",
"21","Kentucky","21027","Breckinridge","2018","30.6","",
"21","Kentucky","21029","Bullitt","2018","29.0","",
"21","Kentucky","21031","Butler","2018","22.0","",
"21","Kentucky","21033","Caldwell","2018","27.6","",
"21","Kentucky","21035","Calloway","2018","8.7","",
"21","Kentucky","21037","Campbell","2018","23.8","",
"21","Kentucky","21039","Carlisle","2018","21.2","Unstable",
"21","Kentucky","21041","Carroll","2018","30.8","",
"21","Kentucky","21043","Carter","2018","18.5","",
"21","Kentucky","21045","Casey","2018","38.9","",
"21","Kentucky","21047","Christian","2018","39.0","",
"21","Kentucky","21049","Clark","2018","23.8","",
"21","Kentucky","21051","Clay","2018","84.5","",
"21","Kentucky","21053","Clinton","2018","27.6","",
"21","Kentucky","21055","Crittenden","2018","21.3","",
"21","Kentucky","21057","Cumberland","2018","38.8","",
"21","Kentucky","21059","Daviess","2018","31.3","",
"21","Kentucky","21061","Edmonson","2018","13.9","",
"21","Kentucky","21063","Elliott","2018","14.7","Unstable",
"21","Kentucky","21065","Estill","2018","41.7","",
"21","Kentucky","21067","Fayette","2018","37.6","",
"21","Kentucky","21069","Fleming","2018","25.5","",
"21","Kentucky","21071","Floyd","2018","24.5","",
"21","Kentucky","21073","Franklin","2018","33.5","",
"21","Kentucky","21075","Fulton","2018","19.8","",
"21","Kentucky","21077","Gallatin","2018","21.7","",
"21","Kentucky","21079","Garrard","2018","25.1","",
"21","Kentucky","21081","Grant","2018","27.9","",
"21","Kentucky","21083","Graves","2018","32.2","",
"21","Kentucky","21085","Grayson","2018","35.4","",
"21","Kentucky","21087","Green","2018","11.8","",
"21","Kentucky","21089","Greenup","2018","16.4","",
"21","Kentucky","21091","Hancock","2018","22.9","",
"21","Kentucky","21093","Hardin","2018","38.2","",
"21","Kentucky","21095","Harlan","2018","50.5","",
"21","Kentucky","21097","Harrison","2018","16.6","",
"21","Kentucky","21099","Hart","2018","31.3","",
"21","Kentucky","21101","Henderson","2018","29.0","",
"21","Kentucky","21103","Henry","2018","31.8","",
"21","Kentucky","21105","Hickman","2018","15.8","Unstable",
"21","Kentucky","21107","Hopkins","2018","18.0","",
"21","Kentucky","21109","Jackson","2018","31.3","",
"21","Kentucky","21111","Jefferson","2018","66.4","",
"21","Kentucky","21113","Jessamine","2018","33.3","",
"21","Kentucky","21115","Johnson","2018","24.1","",
"21","Kentucky","21117","Kenton","2018","35.9","",
"21","Kentucky","21119","Knott","2018","10.6","",
"21","Kentucky","21121","Knox","2018","17.2","",
"21","Kentucky","21123","Larue","2018","23.1","",
"21","Kentucky","21125","Laurel","2018","18.3","",
"21","Kentucky","21127","Lawrence","2018","16.0","",
"21","Kentucky","21129","Lee","2018","Suppressed","Unstable",
"21","Kentucky","21131","Leslie","2018","29.6","",
"21","Kentucky","21133","Letcher","2018","15.1","",
"21","Kentucky","21135","Lewis","2018","11.3","",
"21","Kentucky","21137","Lincoln","2018","56.5","",
"21","Kentucky","21139","Livingston","2018","20.6","",
"21","Kentucky","21141","Logan","2018","31.5","",
"21","Kentucky","21143","Lyon","2018","18.3","",
"21","Kentucky","21151","Madison","2018","23.5","",
"21","Kentucky","21153","Magoffin","2018","21.9","",
"21","Kentucky","21155","Marion","2018","40.9","",
"21","Kentucky","21157","Marshall","2018","15.7","",
"21","Kentucky","21159","Martin","2018","8.8","Unstable",
"21","Kentucky","21161","Mason","2018","39.2","",
"21","Kentucky","21145","McCracken","2018","37.5","",
"21","Kentucky","21147","McCreary","2018","17.3","",
"21","Kentucky","21149","McLean","2018","16.2","",
"21","Kentucky","21163","Meade","2018","11.9","",
"21","Kentucky","21165","Menifee","2018","23.4","",
"21","Kentucky","21167","Mercer","2018","48.0","",
"21","Kentucky","21169","Metcalfe","2018","18.9","",
"21","Kentucky","21171","Monroe","2018","111.7","",
"21","Kentucky","21173","Montgomery","2018","22.4","",
"21","Kentucky","21175","Morgan","2018","30.7","",
"21","Kentucky","21177","Muhlenberg","2018","28.5","",
"21","Kentucky","21179","Nelson","2018","36.7","",
"21","Kentucky","21181","Nicholas","2018","30.6","",
"21","Kentucky","21183","Ohio","2018","35.2","",
"21","Kentucky","21185","Oldham","2018","18.8","",
"21","Kentucky","21187","Owen","2018","13.8","",
"21","Kentucky","21189","Owsley","2018","29.2","",
"21","Kentucky","21191","Pendleton","2018","16.5","",
"21","Kentucky","21193","Perry","2018","21.7","",
"21","Kentucky","21195","Pike","2018","22.4","",
"21","Kentucky","21197","Powell","2018","19.4","",
"21","Kentucky","21199","Pulaski","2018","24.3","",
"21","Kentucky","21201","Robertson","2018","Suppressed","Unstable",
"21","Kentucky","21203","Rockcastle","2018","42.2","",
"21","Kentucky","21205","Rowan","2018","31.4","",
"21","Kentucky","21207","Russell","2018","23.6","",
"21","Kentucky","21209","Scott","2018","25.4","",
"21","Kentucky","21211","Shelby","2018","28.7","",
"21","Kentucky","21213","Simpson","2018","44.1","",
"21","Kentucky","21215","Spencer","2018","34.3","",
"21","Kentucky","21217","Taylor","2018","34.9","",
"21","Kentucky","21219","Todd","2018","17.0","",
"21","Kentucky","21221","Trigg","2018","4.1","Unstable",
"21","Kentucky","21223","Trimble","2018","22.4","",
"21","Kentucky","21225","Union","2018","64.7","",
"21","Kentucky","21227","Warren","2018","29.3","",
"21","Kentucky","21229","Washington","2018","30.0","",
"21","Kentucky","21231","Wayne","2018","15.2","",
"21","Kentucky","21233","Webster","2018","35.3","",
"21","Kentucky","21235","Whitley","2018","27.4","",
"21","Kentucky","21237","Wolfe","2018","41.6","",
"21","Kentucky","21239","Woodford","2018","21.1","",
"22","Louisiana","22001","Acadia","2018","18.1","",
"22","Louisiana","22003","Allen","2018","29.4","",
"22","Louisiana","22005","Ascension","2018","30.4","",
"22","Louisiana","22007","Assumption","2018","54.8","",
"22","Louisiana","22009","Avoyelles","2018","22.5","",
"22","Louisiana","22011","Beauregard","2018","36.5","",
"22","Louisiana","22013","Bienville","2018","24.1","",
"22","Louisiana","22015","Bossier","2018","49.9","",
"22","Louisiana","22017","Caddo","2018","86.7","",
"22","Louisiana","22019","Calcasieu","2018","51.9","",
"22","Louisiana","22021","Caldwell","2018","12.0","",
"22","Louisiana","22023","Cameron","2018","Suppressed","Unstable",
"22","Louisiana","22025","Catahoula","2018","23.0","",
"22","Louisiana","22027","Claiborne","2018","9.4","",
"22","Louisiana","22029","Concordia","2018","10.2","",
"22","Louisiana","22031","De Soto","2018","67.1","",
"22","Louisiana","22033","East Baton Rouge","2018","46.7","",
"22","Louisiana","22035","East Carroll","2018","8.6","Unstable",
"22","Louisiana","22037","East Feliciana","2018","50.9","",
"22","Louisiana","22039","Evangeline","2018","61.0","",
"22","Louisiana","22041","Franklin","2018","5.0","Unstable",
"22","Louisiana","22043","Grant","2018","31.2","",
"22","Louisiana","22045","Iberia","2018","45.6","",
"22","Louisiana","22047","Iberville","2018","53.8","",
"22","Louisiana","22049","Jackson","2018","6.9","Unstable",
"22","Louisiana","22051","Jefferson","2018","61.2","",
"22","Louisiana","22053","Jefferson Davis","2018","16.8","",
"22","Louisiana","22059","La Salle","2018","30.2","",
"22","Louisiana","22055","Lafayette","2018","34.2","",
"22","Louisiana","22057","Lafourche","2018","30.1","",
"22","Louisiana","22061","Lincoln","2018","41.8","",
"22","Louisiana","22063","Livingston","2018","25.0","",
"22","Louisiana","22065","Madison","2018","79.4","",
"22","Louisiana","22067","Morehouse","2018","61.7","",
"22","Louisiana","22069","Natchitoches","2018","44.3","",
"22","Louisiana","22071","Orleans","2018","89.9","",
"22","Louisiana","22073","Ouachita","2018","55.1","",
"22","Louisiana","22075","Plaquemines","2018","35.0","",
"22","Louisiana","22077","Pointe Coupee","2018","14.6","",
"22","Louisiana","22079","Rapides","2018","60.5","",
"22","Louisiana","22081","Red River","2018","44.7","",
"22","Louisiana","22083","Richland","2018","49.0","",
"22","Louisiana","22085","Sabine","2018","40.6","",
"22","Louisiana","22087","St. Bernard","2018","58.2","",
"22","Louisiana","22089","St. Charles","2018","53.4","",
"22","Louisiana","22091","St. Helena","2018","19.7","",
"22","Louisiana","22093","St. James","2018","85.2","",
"22","Louisiana","22095","St. John the Baptist","2018","107.6","",
"22","Louisiana","22097","St. Landry","2018","53.6","",
"22","Louisiana","22099","St. Martin","2018","22.2","",
"22","Louisiana","22101","St. Mary","2018","67.4","",
"22","Louisiana","22103","St. Tammany","2018","32.3","",
"22","Louisiana","22105","Tangipahoa","2018","47.5","",
"22","Louisiana","22107","Tensas","2018","Suppressed","Unstable",
"22","Louisiana","22109","Terrebonne","2018","67.0","",
"22","Louisiana","22111","Union","2018","32.9","",
"22","Louisiana","22113","Vermilion","2018","43.9","",
"22","Louisiana","22115","Vernon","2018","20.7","",
"22","Louisiana","22117","Washington","2018","10.3","",
"22","Louisiana","22119","Webster","2018","55.7","",
"22","Louisiana","22121","West Baton Rouge","2018","43.5","",
"22","Louisiana","22123","West Carroll","2018","8.2","Unstable",
"22","Louisiana","22125","West Feliciana","2018","3.9","Unstable",
"22","Louisiana","22127","Winn","2018","31.1","",
"23","Maine","23001","Androscoggin","2018","45.9","",
"23","Maine","23003","Aroostook","2018","50.5","",
"23","Maine","23005","Cumberland","2018","27.9","",
"23","Maine","23007","Franklin","2018","39.2","",
"23","Maine","23009","Hancock","2018","37.6","",
"23","Maine","23011","Kennebec","2018","36.9","",
"23","Maine","23013","Knox","2018","44.8","",
"23","Maine","23015","Lincoln","2018","45.9","",
"23","Maine","23017","Oxford","2018","54.0","",
"23","Maine","23019","Penobscot","2018","26.0","",
"23","Maine","23021","Piscataquis","2018","29.3","",
"23","Maine","23023","Sagadahoc","2018","33.5","",
"23","Maine","23025","Somerset","2018","50.4","",
"23","Maine","23027","Waldo","2018","28.5","",
"23","Maine","23029","Washington","2018","44.0","",
"23","Maine","23031","York","2018","23.5","",
"24","Maryland","24001","Allegany","2018","36.6","",
"24","Maryland","24003","Anne Arundel","2018","35.7","",
"24","Maryland","24005","Baltimore","2018","57.3","",
"24","Maryland","24510","Baltimore City","2018","178.9","",
"24","Maryland","24009","Calvert","2018","43.7","",
"24","Maryland","24011","Caroline","2018","43.5","",
"24","Maryland","24013","Carroll","2018","21.8","",
"24","Maryland","24015","Cecil","2018","31.7","",
"24","Maryland","24017","Charles","2018","47.3","",
"24","Maryland","24019","Dorchester","2018","100.3","",
"24","Maryland","24021","Frederick","2018","31.6","",
"24","Maryland","24023","Garrett","2018","34.6","",
"24","Maryland","24025","Harford","2018","37.5","",
"24","Maryland","24027","Howard","2018","29.1","",
"24","Maryland","24029","Kent","2018","55.0","",
"24","Maryland","24031","Montgomery","2018","27.1","",
"24","Maryland","24033","Prince George's","2018","40.7","",
"24","Maryland","24035","Queen Anne's","2018","33.2","",
"24","Maryland","24039","Somerset","2018","80.0","",
"24","Maryland","24037","St. Mary's","2018","47.4","",
"24","Maryland","24041","Talbot","2018","38.6","",
"24","Maryland","24043","Washington","2018","34.4","",
"24","Maryland","24045","Wicomico","2018","71.3","",
"24","Maryland","24047","Worcester","2018","45.4","",
"25","Massachusetts","25001","Barnstable","2018","41.2","",
"25","Massachusetts","25003","Berkshire","2018","49.5","",
"25","Massachusetts","25005","Bristol","2018","68.5","",
"25","Massachusetts","25007","Dukes","2018","50.4","",
"25","Massachusetts","25009","Essex","2018","53.9","",
"25","Massachusetts","25011","Franklin","2018","55.1","",
"25","Massachusetts","25013","Hampden","2018","114.4","",
"25","Massachusetts","25015","Hampshire","2018","33.9","",
"25","Massachusetts","25017","Middlesex","2018","34.7","",
"25","Massachusetts","25019","Nantucket","2018","99.8","",
"25","Massachusetts","25021","Norfolk","2018","32.6","",
"25","Massachusetts","25023","Plymouth","2018","47.4","",
"25","Massachusetts","25025","Suffolk","2018","74.7","",
"25","Massachusetts","25027","Worcester","2018","52.2","",
"26","Michigan","26001","Alcona","2018","15.4","",
"26","Michigan","26003","Alger","2018","19.8","",
"26","Michigan","26005","Allegan","2018","28.0","",
"26","Michigan","26007","Alpena","2018","35.5","",
"26","Michigan","26009","Antrim","2018","23.6","",
"26","Michigan","26011","Arenac","2018","35.9","",
"26","Michigan","26013","Baraga","2018","26.5","",
"26","Michigan","26015","Barry","2018","18.1","",
"26","Michigan","26017","Bay","2018","38.6","",
"26","Michigan","26019","Benzie","2018","16.3","",
"26","Michigan","26021","Berrien","2018","55.3","",
"26","Michigan","26023","Branch","2018","37.3","",
"26","Michigan","26025","Calhoun","2018","39.5","",
"26","Michigan","26027","Cass","2018","23.2","",
"26","Michigan","26029","Charlevoix","2018","20.6","",
"26","Michigan","26031","Cheboygan","2018","27.4","",
"26","Michigan","26033","Chippewa","2018","36.1","",
"26","Michigan","26035","Clare","2018","47.6","",
"26","Michigan","26037","Clinton","2018","13.8","",
"26","Michigan","26039","Crawford","2018","27.4","",
"26","Michigan","26041","Delta","2018","26.2","",
"26","Michigan","26043","Dickinson","2018","20.1","",
"26","Michigan","26045","Eaton","2018","27.7","",
"26","Michigan","26047","Emmet","2018","25.3","",
"26","Michigan","26049","Genesee","2018","60.4","",
"26","Michigan","26051","Gladwin","2018","27.6","",
"26","Michigan","26053","Gogebic","2018","43.1","",
"26","Michigan","26055","Grand Traverse","2018","13.2","",
"26","Michigan","26057","Gratiot","2018","26.9","",
"26","Michigan","26059","Hillsdale","2018","34.1","",
"26","Michigan","26061","Houghton","2018","30.8","",
"26","Michigan","26063","Huron","2018","34.0","",
"26","Michigan","26065","Ingham","2018","35.9","",
"26","Michigan","26067","Ionia","2018","22.9","",
"26","Michigan","26069","Iosco","2018","25.8","",
"26","Michigan","26071","Iron","2018","47.8","",
"26","Michigan","26073","Isabella","2018","41.9","",
"26","Michigan","26075","Jackson","2018","38.2","",
"26","Michigan","26077","Kalamazoo","2018","34.4","",
"26","Michigan","26079","Kalkaska","2018","34.9","",
"26","Michigan","26081","Kent","2018","44.3","",
"26","Michigan","26083","Keweenaw","2018","Suppressed","Unstable",
"26","Michigan","26085","Lake","2018","34.6","",
"26","Michigan","26087","Lapeer","2018","19.0","",
"26","Michigan","26089","Leelanau","2018","10.6","",
"26","Michigan","26091","Lenawee","2018","35.4","",
"26","Michigan","26093","Livingston","2018","13.9","",
"26","Michigan","26095","Luce","2018","30.0","",
"26","Michigan","26097","Mackinac","2018","45.4","",
"26","Michigan","26099","Macomb","2018","39.9","",
"26","Michigan","26101","Manistee","2018","32.3","",
"26","Michigan","26103","Marquette","2018","30.4","",
"26","Michigan","26105","Mason","2018","35.0","",
"26","Michigan","26107","Mecosta","2018","37.5","",
"26","Michigan","26109","Menominee","2018","28.8","",
"26","Michigan","26111","Midland","2018","25.6","",
"26","Michigan","26113","Missaukee","2018","23.9","",
"26","Michigan","26115","Monroe","2018","23.4","",
"26","Michigan","26117","Montcalm","2018","32.6","",
"26","Michigan","26119","Montmorency","2018","22.7","",
"26","Michigan","26121","Muskegon","2018","67.5","",
"26","Michigan","26123","Newaygo","2018","31.5","",
"26","Michigan","26125","Oakland","2018","36.1","",
"26","Michigan","26127","Oceana","2018","39.5","",
"26","Michigan","26129","Ogemaw","2018","19.6","",
"26","Michigan","26131","Ontonagon","2018","24.1","",
"26","Michigan","26133","Osceola","2018","43.8","",
"26","Michigan","26135","Oscoda","2018","37.6","",
"26","Michigan","26137","Otsego","2018","22.7","",
"26","Michigan","26139","Ottawa","2018","18.8","",
"26","Michigan","26141","Presque Isle","2018","11.0","",
"26","Michigan","26143","Roscommon","2018","22.7","",
"26","Michigan","26145","Saginaw","2018","71.8","",
"26","Michigan","26151","Sanilac","2018","39.0","",
"26","Michigan","26153","Schoolcraft","2018","25.0","",
"26","Michigan","26155","Shiawassee","2018","31.1","",
"26","Michigan","26147","St. Clair","2018","41.0","",
"26","Michigan","26149","St. Joseph","2018","38.6","",
"26","Michigan","26157","Tuscola","2018","38.3","",
"26","Michigan","26159","Van Buren","2018","33.8","",
"26","Michigan","26161","Washtenaw","2018","24.9","",
"26","Michigan","26163","Wayne","2018","99.7","",
"26","Michigan","26165","Wexford","2018","33.8","",
"27","Minnesota","27001","Aitkin","2018","10.7","",
"27","Minnesota","27003","Anoka","2018","22.8","",
"27","Minnesota","27005","Becker","2018","12.8","",
"27","Minnesota","27007","Beltrami","2018","8.3","",
"27","Minnesota","27009","Benton","2018","12.3","",
"27","Minnesota","27011","Big Stone","2018","Suppressed","Unstable",
"27","Minnesota","27013","Blue Earth","2018","24.8","",
"27","Minnesota","27015","Brown","2018","Suppressed","Unstable",
"27","Minnesota","27017","Carlton","2018","13.4","",
"27","Minnesota","27019","Carver","2018","11.6","",
"27","Minnesota","27021","Cass","2018","15.0","",
"27","Minnesota","27023","Chippewa","2018","7.6","Unstable",
"27","Minnesota","27025","Chisago","2018","12.7","",
"27","Minnesota","27027","Clay","2018","26.8","",
"27","Minnesota","27029","Clearwater","2018","7.9","Unstable",
"27","Minnesota","27031","Cook","2018","35.1","",
"27","Minnesota","27033","Cottonwood","2018","Suppressed","Unstable",
"27","Minnesota","27035","Crow Wing","2018","17.4","",
"27","Minnesota","27037","Dakota","2018","21.8","",
"27","Minnesota","27039","Dodge","2018","7.7","",
"27","Minnesota","27041","Douglas","2018","14.7","",
"27","Minnesota","27043","Faribault","2018","5.1","Unstable",
"27","Minnesota","27045","Fillmore","2018","7.6","",
"27","Minnesota","27047","Freeborn","2018","36.0","",
"27","Minnesota","27049","Goodhue","2018","31.3","",
"27","Minnesota","27051","Grant","2018","Suppressed","Unstable",
"27","Minnesota","27053","Hennepin","2018","41.6","",
"27","Minnesota","27055","Houston","2018","0.0","Unstable",
"27","Minnesota","27057","Hubbard","2018","5.2","Unstable",
"27","Minnesota","27059","Isanti","2018","15.6","",
"27","Minnesota","27061","Itasca","2018","26.8","",
"27","Minnesota","27063","Jackson","2018","19.3","",
"27","Minnesota","27065","Kanabec","2018","44.2","",
"27","Minnesota","27067","Kandiyohi","2018","17.3","",
"27","Minnesota","27069","Kittson","2018","Suppressed","Unstable",
"27","Minnesota","27071","Koochiching","2018","22.6","",
"27","Minnesota","27073","Lac qui Parle","2018","15.1","Unstable",
"27","Minnesota","27075","Lake","2018","9.4","Unstable",
"27","Minnesota","27077","Lake of the Woods","2018","Suppressed","Unstable",
"27","Minnesota","27079","Le Sueur","2018","12.6","",
"27","Minnesota","27081","Lincoln","2018","Suppressed","Unstable",
"27","Minnesota","27083","Lyon","2018","14.0","",
"27","Minnesota","27087","Mahnomen","2018","10.9","Unstable",
"27","Minnesota","27089","Marshall","2018","14.9","",
"27","Minnesota","27091","Martin","2018","38.4","",
"27","Minnesota","27085","McLeod","2018","5.9","",
"27","Minnesota","27093","Meeker","2018","13.4","",
"27","Minnesota","27095","Mille Lacs","2018","19.6","",
"27","Minnesota","27097","Morrison","2018","19.9","",
"27","Minnesota","27099","Mower","2018","8.7","",
"27","Minnesota","27101","Murray","2018","10.9","Unstable",
"27","Minnesota","27103","Nicollet","2018","13.4","",
"27","Minnesota","27105","Nobles","2018","2.8","Unstable",
"27","Minnesota","27107","Norman","2018","13.9","Unstable",
"27","Minnesota","27109","Olmsted","2018","28.6","",
"27","Minnesota","27111","Otter Tail","2018","21.7","",
"27","Minnesota","27113","Pennington","2018","Suppressed","Unstable",
"27","Minnesota","27115","Pine","2018","10.9","",
"27","Minnesota","27117","Pipestone","2018","Suppressed","Unstable",
"27","Minnesota","27119","Polk","2018","25.2","",
"27","Minnesota","27121","Pope","2018","Suppressed","Unstable",
"27","Minnesota","27123","Ramsey","2018","49.2","",
"27","Minnesota","27125","Red Lake","2018","0.0","Unstable",
"27","Minnesota","27127","Redwood","2018","5.9","Unstable",
"27","Minnesota","27129","Renville","2018","15.7","",
"27","Minnesota","27131","Rice","2018","16.5","",
"27","Minnesota","27133","Rock","2018","9.6","Unstable",
"27","Minnesota","27135","Roseau","2018","36.3","",
"27","Minnesota","27139","Scott","2018","23.1","",
"27","Minnesota","27141","Sherburne","2018","11.9","",
"27","Minnesota","27143","Sibley","2018","8.0","",
"27","Minnesota","27137","St. Louis","2018","32.1","",
"27","Minnesota","27145","Stearns","2018","18.5","",
"27","Minnesota","27147","Steele","2018","34.0","",
"27","Minnesota","27149","Stevens","2018","14.4","",
"27","Minnesota","27151","Swift","2018","Suppressed","Unstable",
"27","Minnesota","27153","Todd","2018","16.7","",
"27","Minnesota","27155","Traverse","2018","18.2","Unstable",
"27","Minnesota","27157","Wabasha","2018","13.4","",
"27","Minnesota","27159","Wadena","2018","5.1","Unstable",
"27","Minnesota","27161","Waseca","2018","9.1","",
"27","Minnesota","27163","Washington","2018","16.4","",
"27","Minnesota","27165","Watonwan","2018","9.1","Unstable",
"27","Minnesota","27167","Wilkin","2018","36.8","",
"27","Minnesota","27169","Winona","2018","22.2","",
"27","Minnesota","27171","Wright","2018","14.8","",
"27","Minnesota","27173","Yellow Medicine","2018","Suppressed","Unstable",
"29","Missouri","29001","Adair","2018","12.9","",
"29","Missouri","29003","Andrew","2018","13.0","",
"29","Missouri","29005","Atchison","2018","42.6","",
"29","Missouri","29007","Audrain","2018","42.5","",
"29","Missouri","29009","Barry","2018","22.4","",
"29","Missouri","29011","Barton","2018","21.3","",
"29","Missouri","29013","Bates","2018","38.0","",
"29","Missouri","29015","Benton","2018","20.1","",
"29","Missouri","29017","Bollinger","2018","6.6","Unstable",
"29","Missouri","29019","Boone","2018","35.7","",
"29","Missouri","29021","Buchanan","2018","35.0","",
"29","Missouri","29023","Butler","2018","35.9","",
"29","Missouri","29025","Caldwell","2018","16.5","",
"29","Missouri","29027","Callaway","2018","38.9","",
"29","Missouri","29029","Camden","2018","17.4","",
"29","Missouri","29031","Cape Girardeau","2018","34.6","",
"29","Missouri","29033","Carroll","2018","14.9","",
"29","Missouri","29035","Carter","2018","9.9","Unstable",
"29","Missouri","29037","Cass","2018","29.6","",
"29","Missouri","29039","Cedar","2018","20.5","",
"29","Missouri","29041","Chariton","2018","10.7","Unstable",
"29","Missouri","29043","Christian","2018","11.7","",
"29","Missouri","29045","Clark","2018","Suppressed","Unstable",
"29","Missouri","29047","Clay","2018","29.1","",
"29","Missouri","29049","Clinton","2018","23.5","",
"29","Missouri","29051","Cole","2018","53.7","",
"29","Missouri","29053","Cooper","2018","32.9","",
"29","Missouri","29055","Crawford","2018","23.8","",
"29","Missouri","29057","Dade","2018","9.3","Unstable",
"29","Missouri","29059","Dallas","2018","15.5","",
"29","Missouri","29061","Daviess","2018","14.4","",
"29","Missouri","29063","DeKalb","2018","13.6","",
"29","Missouri","29065","Dent","2018","43.6","",
"29","Missouri","29067","Douglas","2018","8.9","",
"29","Missouri","29069","Dunklin","2018","27.8","",
"29","Missouri","29071","Franklin","2018","26.4","",
"29","Missouri","29073","Gasconade","2018","22.5","",
"29","Missouri","29075","Gentry","2018","25.8","",
"29","Missouri","29077","Greene","2018","23.9","",
"29","Missouri","29079","Grundy","2018","28.1","",
"29","Missouri","29081","Harrison","2018","22.7","",
"29","Missouri","29083","Henry","2018","27.0","",
"29","Missouri","29085","Hickory","2018","13.8","",
"29","Missouri","29087","Holt","2018","29.7","",
"29","Missouri","29089","Howard","2018","25.9","",
"29","Missouri","29091","Howell","2018","14.7","",
"29","Missouri","29093","Iron","2018","48.1","",
"29","Missouri","29095","Jackson","2018","72.8","",
"29","Missouri","29097","Jasper","2018","25.1","",
"29","Missouri","29099","Jefferson","2018","29.0","",
"29","Missouri","29101","Johnson","2018","32.0","",
"29","Missouri","29103","Knox","2018","Suppressed","Unstable",
"29","Missouri","29105","Laclede","2018","33.1","",
"29","Missouri","29107","Lafayette","2018","42.4","",
"29","Missouri","29109","Lawrence","2018","22.2","",
"29","Missouri","29111","Lewis","2018","Suppressed","Unstable",
"29","Missouri","29113","Lincoln","2018","53.6","",
"29","Missouri","29115","Linn","2018","28.3","",
"29","Missouri","29117","Livingston","2018","27.7","",
"29","Missouri","29121","Macon","2018","26.4","",
"29","Missouri","29123","Madison","2018","40.1","",
"29","Missouri","29125","Maries","2018","8.0","Unstable",
"29","Missouri","29127","Marion","2018","32.6","",
"29","Missouri","29119","McDonald","2018","17.4","",
"29","Missouri","29129","Mercer","2018","Suppressed","Unstable",
"29","Missouri","29131","Miller","2018","23.7","",
"29","Missouri","29133","Mississippi","2018","30.7","",
"29","Missouri","29135","Moniteau","2018","24.2","",
"29","Missouri","29137","Monroe","2018","22.0","",
"29","Missouri","29139","Montgomery","2018","36.7","",
"29","Missouri","29141","Morgan","2018","17.1","",
"29","Missouri","29143","New Madrid","2018","33.7","",
"29","Missouri","29145","Newton","2018","27.3","",
"29","Missouri","29147","Nodaway","2018","12.6","",
"29","Missouri","29149","Oregon","2018","8.5","Unstable",
"29","Missouri","29151","Osage","2018","14.7","",
"29","Missouri","29153","Ozark","2018","8.9","Unstable",
"29","Missouri","29155","Pemiscot","2018","31.3","",
"29","Missouri","29157","Perry","2018","16.1","",
"29","Missouri","29159","Pettis","2018","36.0","",
"29","Missouri","29161","Phelps","2018","29.2","",
"29","Missouri","29163","Pike","2018","31.9","",
"29","Missouri","29165","Platte","2018","18.0","",
"29","Missouri","29167","Polk","2018","14.0","",
"29","Missouri","29169","Pulaski","2018","11.4","",
"29","Missouri","29171","Putnam","2018","19.0","Unstable",
"29","Missouri","29173","Ralls","2018","12.7","",
"29","Missouri","29175","Randolph","2018","38.1","",
"29","Missouri","29177","Ray","2018","41.9","",
"29","Missouri","29179","Reynolds","2018","25.5","",
"29","Missouri","29181","Ripley","2018","19.4","",
"29","Missouri","29195","Saline","2018","44.5","",
"29","Missouri","29197","Schuyler","2018","13.1","Unstable",
"29","Missouri","29199","Scotland","2018","12.2","Unstable",
"29","Missouri","29201","Scott","2018","31.6","",
"29","Missouri","29203","Shannon","2018","13.4","Unstable",
"29","Missouri","29205","Shelby","2018","25.0","",
"29","Missouri","29183","St. Charles","2018","32.8","",
"29","Missouri","29185","St. Clair","2018","10.6","Unstable",
"29","Missouri","29187","St. Francois","2018","33.9","",
"29","Missouri","29189","St. Louis","2018","64.4","",
"29","Missouri","29510","St. Louis City","2018","119.3","",
"29","Missouri","29186","Ste. Genevieve","2018","17.9","",
"29","Missouri","29207","Stoddard","2018","17.8","",
"29","Missouri","29209","Stone","2018","16.1","",
"29","Missouri","29211","Sullivan","2018","21.0","",
"29","Missouri","29213","Taney","2018","28.8","",
"29","Missouri","29215","Texas","2018","43.8","",
"29","Missouri","29217","Vernon","2018","35.0","",
"29","Missouri","29219","Warren","2018","31.6","",
"29","Missouri","29221","Washington","2018","33.3","",
"29","Missouri","29223","Wayne","2018","18.4","",
"29","Missouri","29225","Webster","2018","12.5","",
"29","Missouri","29227","Worth","2018","Suppressed","Unstable",
"29","Missouri","29229","Wright","2018","18.7","",
"33","New Hampshire","33001","Belknap","2018","28.7","",
"33","New Hampshire","33003","Carroll","2018","34.1","",
"33","New Hampshire","33005","Cheshire","2018","30.3","",
"33","New Hampshire","33007","Coos","2018","41.0","",
"33","New Hampshire","33009","Grafton","2018","28.4","",
"33","New Hampshire","33011","Hillsborough","2018","31.4","",
"33","New Hampshire","33013","Merrimack","2018","30.8","",
"33","New Hampshire","33015","Rockingham","2018","28.7","",
"33","New Hampshire","33017","Strafford","2018","32.5","",
"33","New Hampshire","33019","Sullivan","2018","40.3","",
"34","New Jersey","34001","Atlantic","2018","71.6","",
"34","New Jersey","34003","Bergen","2018","28.0","",
"34","New Jersey","34005","Burlington","2018","43.0","",
"34","New Jersey","34007","Camden","2018","88.8","",
"34","New Jersey","34009","Cape May","2018","41.8","",
"34","New Jersey","34011","Cumberland","2018","68.9","",
"34","New Jersey","34013","Essex","2018","101.9","",
"34","New Jersey","34015","Gloucester","2018","33.2","",
"34","New Jersey","34017","Hudson","2018","60.9","",
"34","New Jersey","34019","Hunterdon","2018","14.9","",
"34","New Jersey","34021","Mercer","2018","76.1","",
"34","New Jersey","34023","Middlesex","2018","37.4","",
"34","New Jersey","34025","Monmouth","2018","45.3","",
"34","New Jersey","34027","Morris","2018","21.4","",
"34","New Jersey","34029","Ocean","2018","39.0","",
"34","New Jersey","34031","Passaic","2018","61.4","",
"34","New Jersey","34033","Salem","2018","45.7","",
"34","New Jersey","34035","Somerset","2018","18.4","",
"34","New Jersey","34037","Sussex","2018","23.9","",
"34","New Jersey","34039","Union","2018","54.8","",
"34","New Jersey","34041","Warren","2018","33.2","",
"35","New Mexico","35001","Bernalillo","2018","28.1","",
"35","New Mexico","35003","Catron","2018","Suppressed","Unstable",
"35","New Mexico","35005","Chaves","2018","58.2","",
"35","New Mexico","35006","Cibola","2018","33.6","",
"35","New Mexico","35007","Colfax","2018","33.9","",
"35","New Mexico","35009","Curry","2018","54.6","",
"35","New Mexico","35011","De Baca","2018","Suppressed","Unstable",
"35","New Mexico","35013","Dona Ana","2018","26.8","",
"35","New Mexico","35015","Eddy","2018","63.2","",
"35","New Mexico","35017","Grant","2018","51.0","",
"35","New Mexico","35019","Guadalupe","2018","16.2","Unstable",
"35","New Mexico","35021","Harding","2018","0.0","Unstable",
"35","New Mexico","35023","Hidalgo","2018","18.9","Unstable",
"35","New Mexico","35025","Lea","2018","47.9","",
"35","New Mexico","35027","Lincoln","2018","42.3","",
"35","New Mexico","35028","Los Alamos","2018","11.6","",
"35","New Mexico","35029","Luna","2018","42.3","",
"35","New Mexico","35031","McKinley","2018","30.4","",
"35","New Mexico","35033","Mora","2018","26.8","",
"35","New Mexico","35035","Otero","2018","36.8","",
"35","New Mexico","35037","Quay","2018","74.4","",
"35","New Mexico","35039","Rio Arriba","2018","43.4","",
"35","New Mexico","35041","Roosevelt","2018","38.5","",
"35","New Mexico","35045","San Juan","2018","63.3","",
"35","New Mexico","35047","San Miguel","2018","50.2","",
"35","New Mexico","35043","Sandoval","2018","22.9","",
"35","New Mexico","35049","Santa Fe","2018","20.4","",
"35","New Mexico","35051","Sierra","2018","61.1","",
"35","New Mexico","35053","Socorro","2018","58.3","",
"35","New Mexico","35055","Taos","2018","21.4","",
"35","New Mexico","35057","Torrance","2018","22.0","",
"35","New Mexico","35059","Union","2018","31.7","",
"35","New Mexico","35061","Valencia","2018","17.9","",
"36","New York","36001","Albany","2018","56.1","",
"36","New York","36003","Allegany","2018","34.1","",
"36","New York","36005","Bronx","2018","230.0","",
"36","New York","36007","Broome","2018","38.8","",
"36","New York","36009","Cattaraugus","2018","29.2","",
"36","New York","36011","Cayuga","2018","26.8","",
"36","New York","36013","Chautauqua","2018","36.7","",
"36","New York","36015","Chemung","2018","45.2","",
"36","New York","36017","Chenango","2018","50.5","",
"36","New York","36019","Clinton","2018","45.9","",
"36","New York","36021","Columbia","2018","36.4","",
"36","New York","36023","Cortland","2018","31.4","",
"36","New York","36025","Delaware","2018","45.9","",
"36","New York","36027","Dutchess","2018","43.5","",
"36","New York","36029","Erie","2018","50.6","",
"36","New York","36031","Essex","2018","39.9","",
"36","New York","36033","Franklin","2018","35.6","",
"36","New York","36035","Fulton","2018","67.1","",
"36","New York","36037","Genesee","2018","27.8","",
"36","New York","36039","Greene","2018","27.4","",
"36","New York","36041","Hamilton","2018","26.9","",
"36","New York","36043","Herkimer","2018","25.4","",
"36","New York","36045","Jefferson","2018","45.2","",
"36","New York","36047","Kings","2018","112.6","",
"36","New York","36049","Lewis","2018","23.8","",
"36","New York","36051","Livingston","2018","17.2","",
"36","New York","36053","Madison","2018","23.6","",
"36","New York","36055","Monroe","2018","61.0","",
"36","New York","36057","Montgomery","2018","85.5","",
"36","New York","36059","Nassau","2018","33.0","",
"36","New York","36061","New York","2018","104.6","",
"36","New York","36063","Niagara","2018","44.9","",
"36","New York","36065","Oneida","2018","42.7","",
"36","New York","36067","Onondaga","2018","41.0","",
"36","New York","36069","Ontario","2018","27.5","",
"36","New York","36071","Orange","2018","49.1","",
"36","New York","36073","Orleans","2018","39.8","",
"36","New York","36075","Oswego","2018","32.1","",
"36","New York","36077","Otsego","2018","24.4","",
"36","New York","36079","Putnam","2018","33.0","",
"36","New York","36081","Queens","2018","68.8","",
"36","New York","36083","Rensselaer","2018","34.6","",
"36","New York","36085","Richmond","2018","65.5","",
"36","New York","36087","Rockland","2018","31.4","",
"36","New York","36091","Saratoga","2018","14.7","",
"36","New York","36093","Schenectady","2018","52.9","",
"36","New York","36095","Schoharie","2018","23.4","",
"36","New York","36097","Schuyler","2018","35.9","",
"36","New York","36099","Seneca","2018","26.0","",
"36","New York","36089","St. Lawrence","2018","42.1","",
"36","New York","36101","Steuben","2018","27.8","",
"36","New York","36103","Suffolk","2018","35.9","",
"36","New York","36105","Sullivan","2018","63.0","",
"36","New York","36107","Tioga","2018","12.8","",
"36","New York","36109","Tompkins","2018","19.8","",
"36","New York","36111","Ulster","2018","43.1","",
"36","New York","36113","Warren","2018","23.7","",
"36","New York","36115","Washington","2018","26.9","",
"36","New York","36117","Wayne","2018","36.3","",
"36","New York","36119","Westchester","2018","57.7","",
"36","New York","36121","Wyoming","2018","24.0","",
"36","New York","36123","Yates","2018","26.0","",
"37","North Carolina","37001","Alamance","2018","146.2","",
"37","North Carolina","37003","Alexander","2018","40.8","",
"37","North Carolina","37005","Alleghany","2018","26.9","",
"37","North Carolina","37007","Anson","2018","83.7","",
"37","North Carolina","37009","Ashe","2018","58.3","",
"37","North Carolina","37011","Avery","2018","109.7","",
"37","North Carolina","37013","Beaufort","2018","65.6","",
"37","North Carolina","37015","Bertie","2018","99.6","",
"37","North Carolina","37017","Bladen","2018","64.5","",
"37","North Carolina","37019","Brunswick","2018","18.1","",
"37","North Carolina","37021","Buncombe","2018","54.4","",
"37","North Carolina","37023","Burke","2018","54.3","",
"37","North Carolina","37025","Cabarrus","2018","59.6","",
"37","North Carolina","37027","Caldwell","2018","73.4","",
"37","North Carolina","37029","Camden","2018","46.2","",
"37","North Carolina","37031","Carteret","2018","30.6","",
"37","North Carolina","37033","Caswell","2018","67.0","",
"37","North Carolina","37035","Catawba","2018","78.7","",
"37","North Carolina","37037","Chatham","2018","40.0","",
"37","North Carolina","37039","Cherokee","2018","19.0","",
"37","North Carolina","37041","Chowan","2018","91.3","",
"37","North Carolina","37043","Clay","2018","10.8","",
"37","North Carolina","37045","Cleveland","2018","86.1","",
"37","North Carolina","37047","Columbus","2018","38.2","",
"37","North Carolina","37049","Craven","2018","49.1","",
"37","North Carolina","37051","Cumberland","2018","93.8","",
"37","North Carolina","37053","Currituck","2018","14.4","",
"37","North Carolina","37055","Dare","2018","24.0","",
"37","North Carolina","37057","Davidson","2018","35.6","",
"37","North Carolina","37059","Davie","2018","20.2","",
"37","North Carolina","37061","Duplin","2018","53.4","",
"37","North Carolina","37063","Durham","2018","41.0","",
"37","North Carolina","37065","Edgecombe","2018","98.6","",
"37","North Carolina","37067","Forsyth","2018","40.2","",
"37","North Carolina","37069","Franklin","2018","38.9","",
"37","North Carolina","37071","Gaston","2018","39.4","",
"37","North Carolina","37073","Gates","2018","25.2","",
"37","North Carolina","37075","Graham","2018","21.2","",
"37","North Carolina","37077","Granville","2018","40.4","",
"37","North Carolina","37079","Greene","2018","57.0","",
"37","North Carolina","37081","Guilford","2018","158.1","",
"37","North Carolina","37083","Halifax","2018","127.0","",
"37","North Carolina","37085","Harnett","2018","54.1","",
"37","North Carolina","37087","Haywood","2018","23.6","",
"37","North Carolina","37089","Henderson","2018","31.6","",
"37","North Carolina","37091","Hertford","2018","76.6","",
"37","North Carolina","37093","Hoke","2018","68.6","",
"37","North Carolina","37095","Hyde","2018","12.0","Unstable",
"37","North Carolina","37097","Iredell","2018","77.7","",
"37","North Carolina","37099","Jackson","2018","26.6","",
"37","North Carolina","37101","Johnston","2018","85.5","",
"37","North Carolina","37103","Jones","2018","56.5","",
"37","North Carolina","37105","Lee","2018","156.2","",
"37","North Carolina","37107","Lenoir","2018","91.3","",
"37","North Carolina","37109","Lincoln","2018","41.0","",
"37","North Carolina","37113","Macon","2018","95.4","",
"37","North Carolina","37115","Madison","2018","48.0","",
"37","North Carolina","37117","Martin","2018","122.9","",
"37","North Carolina","37111","McDowell","2018","98.5","",
"37","North Carolina","37119","Mecklenburg","2018","51.7","",
"37","North Carolina","37121","Mitchell","2018","108.1","",
"37","North Carolina","37123","Montgomery","2018","66.0","",
"37","North Carolina","37125","Moore","2018","31.4","",
"37","North Carolina","37127","Nash","2018","53.3","",
"37","North Carolina","37129","New Hanover","2018","38.1","",
"37","North Carolina","37131","Northampton","2018","101.8","",
"37","North Carolina","37133","Onslow","2018","79.3","",
"37","North Carolina","37135","Orange","2018","62.8","",
"37","North Carolina","37137","Pamlico","2018","23.0","",
"37","North Carolina","37139","Pasquotank","2018","114.9","",
"37","North Carolina","37141","Pender","2018","43.6","",
"37","North Carolina","37143","Perquimans","2018","61.1","",
"37","North Carolina","37145","Person","2018","110.0","",
"37","North Carolina","37147","Pitt","2018","88.0","",
"37","North Carolina","37149","Polk","2018","26.1","",
"37","North Carolina","37151","Randolph","2018","41.7","",
"37","North Carolina","37153","Richmond","2018","92.0","",
"37","North Carolina","37155","Robeson","2018","83.0","",
"37","North Carolina","37157","Rockingham","2018","184.1","",
"37","North Carolina","37159","Rowan","2018","50.9","",
"37","North Carolina","37161","Rutherford","2018","78.7","",
"37","North Carolina","37163","Sampson","2018","65.6","",
"37","North Carolina","37165","Scotland","2018","93.1","",
"37","North Carolina","37167","Stanly","2018","59.9","",
"37","North Carolina","37169","Stokes","2018","17.2","",
"37","North Carolina","37171","Surry","2018","25.4","",
"37","North Carolina","37173","Swain","2018","98.2","",
"37","North Carolina","37175","Transylvania","2018","97.4","",
"37","North Carolina","37177","Tyrrell","2018","43.8","",
"37","North Carolina","37179","Union","2018","35.8","",
"37","North Carolina","37181","Vance","2018","100.4","",
"37","North Carolina","37183","Wake","2018","43.1","",
"37","North Carolina","37185","Warren","2018","49.0","",
"37","North Carolina","37187","Washington","2018","99.2","",
"37","North Carolina","37189","Watauga","2018","53.7","",
"37","North Carolina","37191","Wayne","2018","67.1","",
"37","North Carolina","37193","Wilkes","2018","30.4","",
"37","North Carolina","37195","Wilson","2018","81.8","",
"37","North Carolina","37197","Yadkin","2018","20.0","",
"37","North Carolina","37199","Yancey","2018","86.6","",
"41","Oregon","41001","Baker","2018","46.2","",
"41","Oregon","41003","Benton","2018","18.2","",
"41","Oregon","41005","Clackamas","2018","24.3","",
"41","Oregon","41007","Clatsop","2018","31.2","",
"41","Oregon","41009","Columbia","2018","24.8","",
"41","Oregon","41011","Coos","2018","40.6","",
"41","Oregon","41013","Crook","2018","46.2","",
"41","Oregon","41015","Curry","2018","28.9","",
"41","Oregon","41017","Deschutes","2018","23.3","",
"41","Oregon","41019","Douglas","2018","34.7","",
"41","Oregon","41021","Gilliam","2018","Suppressed","Unstable",
"41","Oregon","41023","Grant","2018","27.9","",
"41","Oregon","41025","Harney","2018","26.1","",
"41","Oregon","41027","Hood River","2018","15.9","",
"41","Oregon","41029","Jackson","2018","27.2","",
"41","Oregon","41031","Jefferson","2018","67.7","",
"41","Oregon","41033","Josephine","2018","32.4","",
"41","Oregon","41035","Klamath","2018","44.7","",
"41","Oregon","41037","Lake","2018","29.3","",
"41","Oregon","41039","Lane","2018","32.9","",
"41","Oregon","41041","Lincoln","2018","32.0","",
"41","Oregon","41043","Linn","2018","34.9","",
"41","Oregon","41045","Malheur","2018","21.2","",
"41","Oregon","41047","Marion","2018","33.4","",
"41","Oregon","41049","Morrow","2018","30.0","",
"41","Oregon","41051","Multnomah","2018","32.1","",
"41","Oregon","41053","Polk","2018","37.1","",
"41","Oregon","41055","Sherman","2018","41.1","Unstable",
"41","Oregon","41057","Tillamook","2018","42.3","",
"41","Oregon","41059","Umatilla","2018","32.7","",
"41","Oregon","41061","Union","2018","25.4","",
"41","Oregon","41063","Wallowa","2018","27.0","",
"41","Oregon","41065","Wasco","2018","45.2","",
"41","Oregon","41067","Washington","2018","24.1","",
"41","Oregon","41069","Wheeler","2018","Suppressed","Unstable",
"41","Oregon","41071","Yamhill","2018","45.1","",
"44","Rhode Island","44001","Bristol","2018","14.2","",
"44","Rhode Island","44003","Kent","2018","29.8","",
"44","Rhode Island","44005","Newport","2018","31.4","",
"44","Rhode Island","44007","Providence","2018","57.2","",
"44","Rhode Island","44009","Washington","2018","25.4","",
"47","Tennessee","47001","Anderson","2018","38.1","",
"47","Tennessee","47003","Bedford","2018","43.3","",
"47","Tennessee","47005","Benton","2018","24.0","",
"47","Tennessee","47007","Bledsoe","2018","15.5","",
"47","Tennessee","47009","Blount","2018","29.4","",
"47","Tennessee","47011","Bradley","2018","30.9","",
"47","Tennessee","47013","Campbell","2018","26.6","",
"47","Tennessee","47015","Cannon","2018","52.1","",
"47","Tennessee","47017","Carroll","2018","25.1","",
"47","Tennessee","47019","Carter","2018","35.3","",
"47","Tennessee","47021","Cheatham","2018","33.8","",
"47","Tennessee","47023","Chester","2018","21.4","",
"47","Tennessee","47025","Claiborne","2018","20.4","",
"47","Tennessee","47027","Clay","2018","13.1","Unstable",
"47","Tennessee","47029","Cocke","2018","41.2","",
"47","Tennessee","47031","Coffee","2018","28.7","",
"47","Tennessee","47033","Crockett","2018","18.9","",
"47","Tennessee","47035","Cumberland","2018","36.9","",
"47","Tennessee","47037","Davidson","2018","67.1","",
"47","Tennessee","47039","Decatur","2018","23.1","",
"47","Tennessee","47041","DeKalb","2018","47.4","",
"47","Tennessee","47043","Dickson","2018","48.3","",
"47","Tennessee","47045","Dyer","2018","46.5","",
"47","Tennessee","47047","Fayette","2018","32.6","",
"47","Tennessee","47049","Fentress","2018","21.8","",
"47","Tennessee","47051","Franklin","2018","41.9","",
"47","Tennessee","47053","Gibson","2018","47.8","",
"47","Tennessee","47055","Giles","2018","31.3","",
"47","Tennessee","47057","Grainger","2018","26.8","",
"47","Tennessee","47059","Greene","2018","26.0","",
"47","Tennessee","47061","Grundy","2018","20.2","",
"47","Tennessee","47063","Hamblen","2018","32.6","",
"47","Tennessee","47065","Hamilton","2018","51.3","",
"47","Tennessee","47067","Hancock","2018","24.4","",
"47","Tennessee","47069","Hardeman","2018","82.3","",
"47","Tennessee","47071","Hardin","2018","16.4","",
"47","Tennessee","47073","Hawkins","2018","18.8","",
"47","Tennessee","47075","Haywood","2018","45.1","",
"47","Tennessee","47077","Henderson","2018","27.6","",
"47","Tennessee","47079","Henry","2018","21.4","",
"47","Tennessee","47081","Hickman","2018","59.2","",
"47","Tennessee","47083","Houston","2018","21.9","",
"47","Tennessee","47085","Humphreys","2018","27.5","",
"47","Tennessee","47087","Jackson","2018","33.9","",
"47","Tennessee","47089","Jefferson","2018","30.2","",
"47","Tennessee","47091","Johnson","2018","33.8","",
"47","Tennessee","47093","Knox","2018","35.2","",
"47","Tennessee","47095","Lake","2018","24.4","",
"47","Tennessee","47097","Lauderdale","2018","65.4","",
"47","Tennessee","47099","Lawrence","2018","22.1","",
"47","Tennessee","47101","Lewis","2018","25.6","",
"47","Tennessee","47103","Lincoln","2018","39.1","",
"47","Tennessee","47105","Loudon","2018","25.6","",
"47","Tennessee","47111","Macon","2018","34.6","",
"47","Tennessee","47113","Madison","2018","57.1","",
"47","Tennessee","47115","Marion","2018","47.6","",
"47","Tennessee","47117","Marshall","2018","77.7","",
"47","Tennessee","47119","Maury","2018","44.0","",
"47","Tennessee","47107","McMinn","2018","30.0","",
"47","Tennessee","47109","McNairy","2018","15.5","",
"47","Tennessee","47121","Meigs","2018","26.9","",
"47","Tennessee","47123","Monroe","2018","18.8","",
"47","Tennessee","47125","Montgomery","2018","47.5","",
"47","Tennessee","47127","Moore","2018","12.4","Unstable",
"47","Tennessee","47129","Morgan","2018","24.6","",
"47","Tennessee","47131","Obion","2018","46.5","",
"47","Tennessee","47133","Overton","2018","25.8","",
"47","Tennessee","47135","Perry","2018","14.9","",
"47","Tennessee","47137","Pickett","2018","Suppressed","Unstable",
"47","Tennessee","47139","Polk","2018","25.5","",
"47","Tennessee","47141","Putnam","2018","22.5","",
"47","Tennessee","47143","Rhea","2018","51.6","",
"47","Tennessee","47145","Roane","2018","32.4","",
"47","Tennessee","47147","Robertson","2018","52.3","",
"47","Tennessee","47149","Rutherford","2018","40.5","",
"47","Tennessee","47151","Scott","2018","29.5","",
"47","Tennessee","47153","Sequatchie","2018","40.9","",
"47","Tennessee","47155","Sevier","2018","37.9","",
"47","Tennessee","47157","Shelby","2018","96.8","",
"47","Tennessee","47159","Smith","2018","29.6","",
"47","Tennessee","47161","Stewart","2018","19.9","",
"47","Tennessee","47163","Sullivan","2018","25.4","",
"47","Tennessee","47165","Sumner","2018","38.6","",
"47","Tennessee","47167","Tipton","2018","46.9","",
"47","Tennessee","47169","Trousdale","2018","31.7","",
"47","Tennessee","47171","Unicoi","2018","36.9","",
"47","Tennessee","47173","Union","2018","36.1","",
"47","Tennessee","47175","Van Buren","2018","20.8","",
"47","Tennessee","47177","Warren","2018","31.6","",
"47","Tennessee","47179","Washington","2018","28.8","",
"47","Tennessee","47181","Wayne","2018","15.0","",
"47","Tennessee","47183","Weakley","2018","21.0","",
"47","Tennessee","47185","White","2018","27.7","",
"47","Tennessee","47187","Williamson","2018","17.8","",
"47","Tennessee","47189","Wilson","2018","22.0","",
"49","Utah","49001","Beaver","2018","19.6","",
"49","Utah","49003","Box Elder","2018","19.7","",
"49","Utah","49005","Cache","2018","11.4","",
"49","Utah","49007","Carbon","2018","30.1","",
"49","Utah","49009","Daggett","2018","0.0","Unstable",
"49","Utah","49011","Davis","2018","15.1","",
"49","Utah","49013","Duchesne","2018","22.1","",
"49","Utah","49015","Emery","2018","11.0","Unstable",
"49","Utah","49017","Garfield","2018","14.1","Unstable",
"49","Utah","49019","Grand","2018","17.5","",
"49","Utah","49021","Iron","2018","10.2","",
"49","Utah","49023","Juab","2018","28.4","",
"49","Utah","49025","Kane","2018","7.8","Unstable",
"49","Utah","49027","Millard","2018","21.6","",
"49","Utah","49029","Morgan","2018","9.2","Unstable",
"49","Utah","49031","Piute","2018","0.0","Unstable",
"49","Utah","49033","Rich","2018","Suppressed","Unstable",
"49","Utah","49035","Salt Lake","2018","23.7","",
"49","Utah","49037","San Juan","2018","19.6","",
"49","Utah","49039","Sanpete","2018","17.0","",
"49","Utah","49041","Sevier","2018","25.6","",
"49","Utah","49043","Summit","2018","9.1","",
"49","Utah","49045","Tooele","2018","26.3","",
"49","Utah","49047","Uintah","2018","40.4","",
"49","Utah","49049","Utah","2018","13.4","",
"49","Utah","49051","Wasatch","2018","18.0","",
"49","Utah","49053","Washington","2018","14.9","",
"49","Utah","49055","Wayne","2018","Suppressed","Unstable",
"49","Utah","49057","Weber","2018","23.5","",
"50","Vermont","50001","Addison","2018","29.8","",
"50","Vermont","50003","Bennington","2018","27.8","",
"50","Vermont","50005","Caledonia","2018","34.4","",
"50","Vermont","50007","Chittenden","2018","20.6","",
"50","Vermont","50009","Essex","2018","24.2","",
"50","Vermont","50011","Franklin","2018","28.4","",
"50","Vermont","50013","Grand Isle","2018","42.3","",
"50","Vermont","50015","Lamoille","2018","34.3","",
"50","Vermont","50017","Orange","2018","23.9","",
"50","Vermont","50019","Orleans","2018","54.4","",
"50","Vermont","50021","Rutland","2018","39.9","",
"50","Vermont","50023","Washington","2018","27.4","",
"50","Vermont","50025","Windham","2018","25.3","",
"50","Vermont","50027","Windsor","2018","27.4","",
"55","Wisconsin","55001","Adams","2018","30.9","",
"55","Wisconsin","55003","Ashland","2018","41.8","",
"55","Wisconsin","55005","Barron","2018","34.6","",
"55","Wisconsin","55007","Bayfield","2018","21.2","",
"55","Wisconsin","55009","Brown","2018","34.9","",
"55","Wisconsin","55011","Buffalo","2018","15.2","",
"55","Wisconsin","55013","Burnett","2018","22.2","",
"55","Wisconsin","55015","Calumet","2018","21.8","",
"55","Wisconsin","55017","Chippewa","2018","29.2","",
"55","Wisconsin","55019","Clark","2018","17.6","",
"55","Wisconsin","55021","Columbia","2018","25.5","",
"55","Wisconsin","55023","Crawford","2018","22.8","",
"55","Wisconsin","55025","Dane","2018","21.4","",
"55","Wisconsin","55027","Dodge","2018","28.5","",
"55","Wisconsin","55029","Door","2018","20.6","",
"55","Wisconsin","55031","Douglas","2018","38.1","",
"55","Wisconsin","55033","Dunn","2018","23.7","",
"55","Wisconsin","55035","Eau Claire","2018","31.1","",
"55","Wisconsin","55037","Florence","2018","0.0","Unstable",
"55","Wisconsin","55039","Fond du Lac","2018","26.7","",
"55","Wisconsin","55041","Forest","2018","15.6","",
"55","Wisconsin","55043","Grant","2018","26.4","",
"55","Wisconsin","55045","Green","2018","20.3","",
"55","Wisconsin","55047","Green Lake","2018","23.3","",
"55","Wisconsin","55049","Iowa","2018","15.6","",
"55","Wisconsin","55051","Iron","2018","10.6","Unstable",
"55","Wisconsin","55053","Jackson","2018","16.6","",
"55","Wisconsin","55055","Jefferson","2018","26.9","",
"55","Wisconsin","55057","Juneau","2018","38.0","",
"55","Wisconsin","55059","Kenosha","2018","54.3","",
"55","Wisconsin","55061","Kewaunee","2018","20.6","",
"55","Wisconsin","55063","La Crosse","2018","19.4","",
"55","Wisconsin","55065","Lafayette","2018","18.0","",
"55","Wisconsin","55067","Langlade","2018","29.1","",
"55","Wisconsin","55069","Lincoln","2018","24.9","",
"55","Wisconsin","55071","Manitowoc","2018","30.0","",
"55","Wisconsin","55073","Marathon","2018","16.0","",
"55","Wisconsin","55075","Marinette","2018","19.8","",
"55","Wisconsin","55077","Marquette","2018","23.4","",
"55","Wisconsin","55078","Menominee","2018","65.3","",
"55","Wisconsin","55079","Milwaukee","2018","82.2","",
"55","Wisconsin","55081","Monroe","2018","17.5","",
"55","Wisconsin","55083","Oconto","2018","17.7","",
"55","Wisconsin","55085","Oneida","2018","19.5","",
"55","Wisconsin","55087","Outagamie","2018","21.3","",
"55","Wisconsin","55089","Ozaukee","2018","17.7","",
"55","Wisconsin","55091","Pepin","2018","23.4","",
"55","Wisconsin","55093","Pierce","2018","21.6","",
"55","Wisconsin","55095","Polk","2018","24.6","",
"55","Wisconsin","55097","Portage","2018","24.7","",
"55","Wisconsin","55099","Price","2018","26.2","",
"55","Wisconsin","55101","Racine","2018","55.0","",
"55","Wisconsin","55103","Richland","2018","31.0","",
"55","Wisconsin","55105","Rock","2018","45.8","",
"55","Wisconsin","55107","Rusk","2018","38.4","",
"55","Wisconsin","55111","Sauk","2018","30.6","",
"55","Wisconsin","55113","Sawyer","2018","29.2","",
"55","Wisconsin","55115","Shawano","2018","27.3","",
"55","Wisconsin","55117","Sheboygan","2018","26.1","",
"55","Wisconsin","55109","St. Croix","2018","20.1","",
"55","Wisconsin","55119","Taylor","2018","19.2","",
"55","Wisconsin","55121","Trempealeau","2018","17.3","",
"55","Wisconsin","55123","Vernon","2018","21.4","",
"55","Wisconsin","55125","Vilas","2018","29.2","",
"55","Wisconsin","55127","Walworth","2018","20.7","",
"55","Wisconsin","55129","Washburn","2018","34.1","",
"55","Wisconsin","55131","Washington","2018","15.5","",
"55","Wisconsin","55133","Waukesha","2018","16.8","",
"55","Wisconsin","55135","Waupaca","2018","31.9","",
"55","Wisconsin","55137","Waushara","2018","25.6","",
"55","Wisconsin","55139","Winnebago","2018","23.8","",
"55","Wisconsin","55141","Wood","2018","25.7","",
